ReviewID,EmployeeID,ReviewDate,ReviewerID,Score,Comments,PromotionRecommendation
63244f88-0408-46f3-9313-0d4d81b8524d,281640af-0757-4999-9df2-d73b80caf301,2022-11-15,9e5d791e-532f-4f5b-9824-15358c216814,10,Rule floor mouth.,Yes
43b02431-1752-4ab3-86fb-c2ea7c42aa11,5f994cb8-04c0-427c-821d-4f8b87de9a09,2022-07-04,7d494112-5832-4163-8fbb-61038a40136f,2,Moment story decision onto garden line.,Yes
04f2cfe6-5e16-40ec-8067-c0e05cd08408,d38be133-c56e-4eb2-be4d-a9174f8a1379,2022-01-17,c97de832-f74c-4e9c-8e22-97510fb03393,3,West program speak would daughter.,Yes
2fa23ab0-9bf0-49d9-8b51-86e738e310eb,82a27184-2259-4fe9-8ccd-fd92f323ca8d,2024-04-08,432da541-056f-4a68-a68d-8fe5cbf49537,9,Low wall important who.,No
921c129f-a9d7-4bcb-90ac-110fb13b73e8,a28367b6-282b-42a6-818f-059a1e7d3ecc,2023-09-30,1f841645-3fb4-4ae2-828d-877abf551800,6,Baby fast base indeed health spring fight.,No
21e2d94f-cda7-4ee0-93a1-b2bd44c0fa65,d56fae10-ea35-401d-974d-fd82c71c44c6,2023-09-07,7e47d3b5-dc25-4062-9586-a5ff8c346ee4,4,House by student smile deal standard.,No
c5a694d2-9585-49ca-ac69-28482bedb9d4,b39bf432-57e7-42bb-ba82-911631355022,2023-10-15,2c7f0317-dbd3-4782-8b39-54ddb2333822,2,Central eye all wait understand you.,Yes
b10d4b6d-ce96-47ce-bd07-e11f0edf8620,7feda354-2c4b-4dd5-b0fc-c8771027643d,2023-04-07,e76b9683-3be8-43a4-8701-ec17f38ff056,10,Seven send improve see back.,No
a41b335c-d652-4f79-a97a-bd4e9fb2460e,f96590c7-9584-47d5-bfdf-8700e258aa13,2023-02-24,688a50a3-88ff-4e2c-98a8-edad450f9540,6,Help cup wear short.,Yes
3d5c30bd-9868-469d-a779-245f2a9e3646,ee654bc8-9449-48e9-91c8-e69091301e90,2023-05-02,b95be3ed-d431-4159-be68-96aba31d743a,7,Young pretty serious least when third idea race.,No
14017fbc-591e-4772-8e33-e932b588cee1,5845a011-80fe-4b06-a4d4-708473246828,2023-10-09,59c3d2ab-4006-4365-9adc-b66c4aba27b3,3,Behind office white democratic small administration fly.,Yes
31f0f126-41be-41c9-a1a0-e1267dfaa190,c97de832-f74c-4e9c-8e22-97510fb03393,2023-03-22,03448a6e-3671-4f1b-9214-934432c1ede5,9,Day second will man young.,No
109e75eb-4f82-4733-a1b2-ab4341c60dd8,688a50a3-88ff-4e2c-98a8-edad450f9540,2024-01-24,5c1b53bf-4f14-4970-a591-6e668a285593,5,Trade always idea worry similar game.,Yes
c697675c-e078-47be-ad37-ad468eff913f,fed58c79-fe08-415d-b3e6-ac10d9b8cc50,2024-02-14,386db5a4-285f-4bd9-924b-517ed0556bd7,1,Owner each should require training when.,No
d6c3d8a9-09ee-4b66-b589-f96fe9cea2fd,b217c137-3775-4043-b498-10ada48d485d,2022-09-26,135e4a39-f74b-4a0a-aa60-4d484d2c4ee6,1,Your many recent entire.,No
ff379d60-c422-4b90-9493-c6b02b73bb5a,5c42e8c6-b3c7-47e5-895a-842529dc82ee,2024-10-11,3a5dc2c1-1fa9-4289-be61-3e1bddbcbe36,7,Deal kitchen improve but program only.,Yes
f06768b3-5666-489c-867b-7f85a74998f9,a2a2b574-5728-42aa-9ed6-e9ce7bb94c9a,2022-03-05,3a6e1f22-742b-4e9a-bb79-4e2f28374cba,5,Woman green media activity eat assume drive again.,No
2a242c89-a433-4db1-9a61-6b2552882911,e62fa82b-5f48-4255-8570-d0b9c7c3f0ac,2024-05-29,4abbc014-86d9-4354-a8b9-0b37a916ff4f,8,Serve hear stay old mouth lawyer floor.,Yes
0ed80c25-cb4a-4cb6-9cbf-55ba8088ea19,b44e3b68-239d-4dc6-bdb4-b262412614f1,2022-09-30,0fdc621a-fd02-4d5d-b411-e688c5a1e8be,8,Strong toward Mrs serve back else record end.,No
d9862719-3644-4648-b68a-c37a26c82002,2ab82673-c5b7-4480-97de-df479d5d0b63,2024-04-20,0f5639a9-74cd-4960-b88d-0f069e1c7d0f,5,Practice management price half.,No
68867636-1719-4702-a3b9-6465db9f88fc,a4509072-9af8-46be-b21e-78583b3bb956,2024-03-20,a16eb339-8468-4ad0-940c-eb120d80e23d,2,Human explain yourself employee light serve.,No
e0d298d1-c6db-48f9-a62b-db1cb7f4cc69,a16eb339-8468-4ad0-940c-eb120d80e23d,2023-05-22,0fdc621a-fd02-4d5d-b411-e688c5a1e8be,2,High onto ball true describe season.,Yes
afcc505b-40cd-4337-bbb7-44e953e405f7,155dd9ac-d3f9-42d0-a23d-76c700d950db,2022-10-07,b44e3b68-239d-4dc6-bdb4-b262412614f1,10,Could hotel else manage never by.,No
b96421e1-7037-4739-8158-e01cab5665f1,402a8066-39ee-4420-a3b0-306e0dea7f2a,2022-11-22,8189d298-2995-48e8-838a-aea0598091a0,5,Strong pull some responsibility mother national low.,Yes
43d35957-1a4f-49c3-8ab1-b3c286e2aa6f,8b6c4489-b783-4fa2-85fc-0574a05bc406,2023-07-21,260a263d-88f2-4bf6-ad5e-d46a1d55610f,10,Financial particularly glass be design event.,Yes
e2f756c0-be38-4d34-bcdc-bbba9674f70c,5f4c5c64-b40e-486b-8775-3b2164dce01e,2024-03-05,5f4c5c64-b40e-486b-8775-3b2164dce01e,5,Bar economic foot raise.,No
da478cb4-561e-435b-8130-0bf90205764c,b69486c8-97ec-46ee-a652-3b36714f7e36,2024-03-27,6d1bd4b2-8354-4f74-99c2-f1737888c778,10,Product win probably adult difficult.,Yes
5f940b45-2b15-45ec-8ca5-38a0d57bd420,4468b8a1-8aa9-4226-85d4-a3553211e76f,2023-03-25,89819a1c-737a-4f4c-926e-a16ae59836f2,4,Offer between past high close herself health lawyer.,Yes
3517c01a-2ea4-4ee6-a786-dd0e4b128785,b95be3ed-d431-4159-be68-96aba31d743a,2024-02-22,7b1dffd5-25ce-4814-8d66-ba62d7f40f30,2,Occur take instead west.,No
d89ad2a0-7d24-4511-96c4-82124e201cce,bcdc1004-74c7-47d1-b6e6-79946c8e116f,2023-02-17,fed58c79-fe08-415d-b3e6-ac10d9b8cc50,10,Everyone who nature environmental.,Yes
7f75fce7-4fa4-436a-8cef-db99bdf73c07,c25db872-b9e2-4fe3-afc1-9e16f89f2e31,2023-05-30,d7f78caa-3184-451c-b34e-d9b522cadc2b,3,Wear center realize gun case issue husband.,No
315001d2-f37b-408a-a550-aee5a2e9389c,d1e8eec4-01ef-418a-8fa8-cc080207a5a8,2023-06-19,ba3cbc67-a8f5-4401-871b-9d849652cde4,3,North authority prevent likely investment.,Yes
ab5d631b-2c9d-4d22-87a0-ecca79f9bcbd,7e75d156-10a2-4a23-9f78-d6e91011e8b1,2022-07-22,a4ed836d-94ae-45de-b755-4a3dde7da915,6,Win car something market.,No
0ba60561-daee-46aa-9e37-b9a4e658d258,0ed75ab7-d421-4f10-8937-8fc6250a42c0,2022-03-21,135e4a39-f74b-4a0a-aa60-4d484d2c4ee6,6,Simple message power interesting family college picture.,No
08b0f11f-effa-4a8d-913c-ad8423a23f06,25ba4b81-cfc7-4ed3-a4f9-3cc9372f2d08,2024-11-27,15fe9985-2221-4621-ab19-ddca84f45aae,6,Ok Democrat position perhaps care west.,No
1ce2577a-a243-476b-96f6-a4af3ae008a4,1290253f-7505-4d50-a898-898b1d3da2b6,2024-06-08,2bfb4c5c-4fa9-43be-9dbb-bee4644700db,2,Really owner with boy.,No
39cba45f-434a-47f8-a201-a3573f73ed24,42442642-6393-44e0-91c8-cf71482f6819,2023-12-14,cb266c5b-ece5-49da-9f05-8c10fa250803,6,Society nation first low police.,No
46d09c2c-cce9-4659-b8b7-95632301b302,c5eec917-5658-4bfd-9a81-e4cc79da4187,2022-06-06,bdf14a51-6636-4ede-b507-1f483dbb352c,5,Receive rather industry perform ability could social who.,No
f0962131-f842-49b4-9891-eba0d53049da,e7ed0b63-b080-4fd0-bee9-8ad918dcf36f,2022-12-12,12334d61-15da-4524-87af-f699fb401f55,6,Perhaps policy arrive hospital then particular.,Yes
e71b3a9a-7239-49a2-8f36-79e24999f556,5c1b53bf-4f14-4970-a591-6e668a285593,2022-05-04,c3f62bd1-abcf-442b-b827-ac5711b3f138,4,Realize establish energy century ok campaign able.,No
2161d2e0-e77b-435a-86f2-e11f4e208c39,c2f9684a-2769-40b5-b584-8f97b1cf6c19,2022-02-01,5d455b54-8bc4-457e-abd8-a9ef67e57628,8,Smile letter movie natural.,Yes
5d536fcb-c0dc-480b-9e8d-8b41bf74a0f4,59c3d2ab-4006-4365-9adc-b66c4aba27b3,2022-12-08,4f7af68f-9151-4245-88ac-cc32601a6ebf,9,Game purpose hope option brother.,No
895ec2dd-a73f-4957-bbc7-292f6dd35bbf,12c25df2-cc05-4e96-baa8-442202e4a719,2024-06-01,c4802b4f-f508-41c1-adf7-ee59382858e6,4,Since short suddenly phone simple.,No
5b7ba251-d2ed-4e1d-8420-6ca6d833231f,d897db21-cd9c-4121-bab3-4a6cd3bb29d0,2022-12-09,d7f78caa-3184-451c-b34e-d9b522cadc2b,6,Draw contain admit late blue expert.,Yes
39cbac34-6728-4c86-a583-a3a0d1ab29b7,d87144ab-c33b-42b2-b12b-9d3355f575a1,2022-04-11,89819a1c-737a-4f4c-926e-a16ae59836f2,10,Commercial scene start position same you might seek.,No
4b9e1789-a14e-4b16-8ba3-5f15f6278ffe,71afa963-5d8c-43da-b89a-1750e8417397,2023-08-10,cbf47fe8-fd95-460d-aa2f-67efc286604c,2,Eight well bag finally rest.,No
3509197a-127f-45a6-8845-7136aec944dc,8189d298-2995-48e8-838a-aea0598091a0,2023-09-12,3a5dc2c1-1fa9-4289-be61-3e1bddbcbe36,2,Way official well American.,No
d22bb9c2-004b-4a66-847c-935d80baa712,3a0f7db7-2665-46dd-842f-60b53e7d92cf,2023-02-21,c3f62bd1-abcf-442b-b827-ac5711b3f138,5,Yourself actually bar total wall collection under.,Yes
d60db315-5c82-4492-a4bf-47b89c0e1bbb,03e5e0b3-6b4f-4439-95eb-b711c4aaaa95,2024-01-12,d0139cac-e136-4c34-b0ee-612291bd8c71,10,Response author science certainly coach doctor try.,No
d8495748-48ee-4e13-a634-2c63ada697a0,adaadcc0-7f07-4bf7-8810-bb110b0eb24b,2023-09-12,7f7f059e-ec74-46ae-a63c-fccbfc5be0d9,5,Middle tell food paper writer list.,Yes
766322a3-7fc4-410d-ac19-0ec139b37f21,4cfb5fe4-95d5-4fe7-9867-216a2cfd8f81,2022-10-25,c4802b4f-f508-41c1-adf7-ee59382858e6,9,Condition guy change too kind article sea.,Yes
c5897dca-29f6-424e-8254-b8f90d425a40,4f9b3833-8030-4a28-9b97-ef8b3899818c,2022-01-30,831211dc-f618-4799-9f7a-5ae07b85e92c,5,Human behind writer entire region.,Yes
f9f1e662-9099-4e49-bafd-c7acb6c0c13f,52a39131-8154-45d4-9f43-8874a4ab8c4a,2022-09-17,43309933-c433-42bd-b578-0934779d0359,1,Explain glass add maintain ability explain.,Yes
ca7881da-c4f0-4ee0-ad46-cabac0723ba0,23a13f36-a609-4678-a608-57cad9ada6fd,2023-04-11,12334d61-15da-4524-87af-f699fb401f55,7,Second mention yes space.,No
c2413ebb-7917-419f-aed0-7eadc2f8b5c5,fa4c00f6-dac3-4c8b-8f34-919664bcb988,2023-06-04,7e47d3b5-dc25-4062-9586-a5ff8c346ee4,5,Despite on ever pick hand.,Yes
8ee36155-70e1-4748-97fd-2e5f1dd0d31c,7f7f059e-ec74-46ae-a63c-fccbfc5be0d9,2023-06-05,1290253f-7505-4d50-a898-898b1d3da2b6,3,Us around crime team son thousand within.,Yes
4bd9f8d8-acfa-42bb-8afd-5b37687ad87f,03448a6e-3671-4f1b-9214-934432c1ede5,2023-02-19,d659e1ba-5c45-4fb9-a8a1-8f77146e737e,8,Poor rock Democrat each social.,Yes
c229abda-2f3a-47b9-af98-8e6a4ff64e67,54b4c915-f1c1-4514-b16c-c289269dadaf,2023-12-22,34e7ee6d-b87a-4aeb-9089-12977d6ec199,10,Four either tough him walk yeah ago.,No
c86a4934-6c13-48b9-887b-fd64af3f9de9,3ca273ec-75f1-44f6-9d20-34cb563b8736,2022-02-04,745ded0a-fb9d-457a-8c64-575cc2358792,9,Since always ball.,No
ec448b10-152e-42d8-9674-e2efa32f2bb7,9e5d791e-532f-4f5b-9824-15358c216814,2024-01-26,ee654bc8-9449-48e9-91c8-e69091301e90,5,Continue customer where across.,Yes
2ba831da-de88-4d8d-856e-9255b7c82d74,1f841645-3fb4-4ae2-828d-877abf551800,2024-02-10,b7e4c27b-1a57-4136-bafc-5d1732cfa36e,3,Toward unit despite product six cause.,Yes
923b320b-afe3-4626-8b17-4a0db8d279b4,7964ec27-12c2-4a30-bf89-867a52b0b892,2023-05-17,a28367b6-282b-42a6-818f-059a1e7d3ecc,5,All walk expert.,No
128065dc-24c3-4156-8f9d-c25b36ec5535,dc5b7c6e-06da-484c-9fa3-1bbfa6cb9c37,2023-06-24,a4f8c69e-7ef6-4bd4-81e1-69887d58c89f,6,President up half entire type cut plant.,Yes
a96d77ea-fcdc-4dd0-b786-573b98ee1a58,a8409a37-73bb-4b57-9ce9-d4593dd62dce,2023-12-03,5d455b54-8bc4-457e-abd8-a9ef67e57628,6,Already heavy state born hour you join.,No
67ba03cc-1797-4dbf-9b71-a5987c0d4f96,afb4b3b7-f7f6-4902-816b-752f810d598c,2024-08-20,5f4c5c64-b40e-486b-8775-3b2164dce01e,3,Least fire alone hit usually teach impact.,No
e23a334e-9b58-4a52-858c-00c104efc74f,7d494112-5832-4163-8fbb-61038a40136f,2022-02-16,7b99fc71-0ccb-4b19-978c-844a51349f37,4,Which political rest measure change operation edge.,No
b2f691a9-f039-40ae-be07-876593efe47a,0165a65c-0295-4161-8982-b65997425e8c,2022-08-02,80f76299-c79e-4566-9e7e-437fffabe489,4,Mr number financial green.,No
f9642e1b-0898-4123-86ae-1ca32faee3dc,538627af-636a-4d4d-a2a7-b602246d96c6,2023-08-20,25ba4b81-cfc7-4ed3-a4f9-3cc9372f2d08,4,Audience baby life their thank throw know.,Yes
70d226f4-e2e6-4f96-b2bc-0ae9e7934c32,78aa274d-9619-462c-997b-d32dc9fcf7ce,2024-09-14,0d94cc49-e945-42f1-9ed7-26b29e29ebc0,8,Imagine office investment measure.,Yes
de3b53a2-ce65-4157-aa27-c70a64f67fad,7efc3f60-8aa1-4612-be2d-a419e246e747,2023-11-22,3a0f7db7-2665-46dd-842f-60b53e7d92cf,1,Mother law test to the school piece.,No
5043731c-a42e-42da-a5db-9dd8f3d34e43,884d6232-8f36-4039-9cb6-8ca723afe676,2024-04-08,68f768b3-eed3-4b76-80dd-5137267eeee6,7,Start maintain race professional hotel special.,Yes
568d8f41-608f-493d-a2cd-7bd1e2006c2f,3a5dc2c1-1fa9-4289-be61-3e1bddbcbe36,2023-10-04,8189d298-2995-48e8-838a-aea0598091a0,2,Unit little him have.,No
302689f3-5bfc-4c3e-8184-b70e1442cadd,a3e78f40-a311-4e35-91cb-2cab67e1194a,2023-01-07,884d6232-8f36-4039-9cb6-8ca723afe676,6,Box floor woman young matter technology.,Yes
4d561dfb-3d2e-44be-bb80-a80f9fb9801e,e8306bc3-c654-4c12-b5c3-59153acec4a5,2023-06-24,0f5639a9-74cd-4960-b88d-0f069e1c7d0f,2,Until popular seven pretty relationship.,Yes
699c0458-2f28-4b01-bf28-2545a9b7b913,0f5639a9-74cd-4960-b88d-0f069e1c7d0f,2024-08-26,a2a796bc-5d4b-4cc6-adb0-c3a626c3574f,6,Year however pick action during factor view hard.,No
0bad39c0-1df7-4928-bfed-952e331e7936,f111c7fd-7ffd-4fdb-99fd-e3bea864582f,2022-10-13,b69486c8-97ec-46ee-a652-3b36714f7e36,5,Wear central north.,Yes
c14d88a9-bc7c-4703-afc6-382cc9df8470,4e020afc-2876-418c-a5d2-9a46ceb1c292,2024-02-03,a8409a37-73bb-4b57-9ce9-d4593dd62dce,3,They hit grow measure thing.,Yes
1b95f093-2b96-471b-9de8-933e85e98e57,fbccd9c0-cc30-458b-a5df-69b7daf03abf,2022-06-24,538627af-636a-4d4d-a2a7-b602246d96c6,1,Huge line from ability prevent child hit.,No
2825b4b9-7d6c-4a40-bddf-de4f0bb96aab,ed8578bc-5501-4dee-9847-f74004064f42,2024-05-22,52a39131-8154-45d4-9f43-8874a4ab8c4a,5,Understand defense young along.,No
15bd5d87-6bf6-41af-8000-699c4f2c8e67,135e4a39-f74b-4a0a-aa60-4d484d2c4ee6,2024-06-12,5c42e8c6-b3c7-47e5-895a-842529dc82ee,1,Watch material help everybody type.,No
74750bc2-deee-4333-9eaf-6ed04d5e4267,cf71e719-c40a-4ce5-b42d-a84c95ea0340,2022-04-18,7e47d3b5-dc25-4062-9586-a5ff8c346ee4,3,Agree each best rule old.,Yes
e2df84d3-527c-41fd-becb-24037356aeb7,745ded0a-fb9d-457a-8c64-575cc2358792,2022-04-17,a4509072-9af8-46be-b21e-78583b3bb956,4,Then set religious interview song.,No
8682395c-08e4-4d1e-bd1a-f2bfb4731464,bcefd5a0-11f7-4b69-9ca5-451f86c8f4ab,2022-09-06,bd2bb217-52d4-4617-b27f-ad52137fe4c1,3,Mrs debate season room.,No
0d2e2685-af56-49b7-a28b-16c69f5854c4,7f601e70-ff7b-4c26-a8b8-599f1c0dc05b,2022-08-31,2c7f0317-dbd3-4782-8b39-54ddb2333822,10,Sense with message decade about sport.,No
e88bc894-888d-419d-9909-01b378767ab2,386db5a4-285f-4bd9-924b-517ed0556bd7,2022-10-06,b0ce37b7-7919-4f96-bb81-8468b2c7a4b8,6,Congress song near none rise race.,Yes
0500685b-c5b8-46a2-8a86-a94a7be128a5,bdf3825b-0781-4472-8828-0e3f07d55b4f,2023-08-20,d2266a6a-53bb-4626-812c-8c6dd3cce5aa,6,Option smile could food not.,Yes
5f8bf6a7-a711-4894-ab8e-2a6fce9706fe,1333cac6-7fbb-4ee5-99b2-3b49fe543d9e,2024-09-11,b7e4c27b-1a57-4136-bafc-5d1732cfa36e,4,Research value want rich challenge.,Yes
ea5610a7-3aa5-4563-9a9e-b74a6e34ed55,df3e53e1-b009-495a-91d5-8595cef0a5b5,2023-08-17,be102a01-b4ac-4895-87b0-db53824d3ac3,4,Friend thank create.,No
24c3ae2e-564c-4039-85b7-7002cf6cd8e4,68f768b3-eed3-4b76-80dd-5137267eeee6,2023-09-22,831211dc-f618-4799-9f7a-5ae07b85e92c,5,Possible believe professor lawyer.,Yes
eafce347-9e76-4c10-9916-c6abca5aa02f,7b1dffd5-25ce-4814-8d66-ba62d7f40f30,2022-12-15,dd7716c5-4f64-4a8c-beef-558efc3e5f53,2,Almost image old measure resource song Congress.,Yes
ff2d9499-1f1d-4ba3-bf7b-d4298e1e0e4f,b4366f51-04ec-4b05-814d-c68c7d39c351,2024-08-24,23a13f36-a609-4678-a608-57cad9ada6fd,5,After pick item able adult station.,No
e2a78223-03ed-4d78-8068-6a897b4f6895,34e7ee6d-b87a-4aeb-9089-12977d6ec199,2022-06-01,b95be3ed-d431-4159-be68-96aba31d743a,5,Point study man say leave nor.,No
8aee3c84-c5e9-456a-9e3e-429b16ba0196,44c3856c-aad5-4877-918f-37538f63e190,2022-04-29,0ed75ab7-d421-4f10-8937-8fc6250a42c0,3,Position stop man especially across.,Yes
757b40a4-8ae8-4cbc-a9e2-564bab2e0f22,753f2091-0981-4780-8ef7-48ac0c975e05,2023-03-28,0f5639a9-74cd-4960-b88d-0f069e1c7d0f,2,Although operation into news.,No
4f6bf2e6-dbd1-4846-a119-bdf21f6cc726,dcef3d19-6808-4af0-8b62-00d9912c6a86,2024-10-19,0165a65c-0295-4161-8982-b65997425e8c,9,Night human face space key question.,No
b15bb6d3-157c-4b82-95b4-79f240b1c267,bb858705-5eb4-4705-b679-9b9729db3423,2022-07-31,5845a011-80fe-4b06-a4d4-708473246828,5,Mother huge wide society individual I worker.,No
a0aa82a2-f78b-420c-88e8-e9fcc01e4fad,c6249852-a0af-4d8e-9227-628fdf5fc756,2024-12-16,186680ab-2c7b-4faf-ac72-8b3ef2406c84,9,Company feel until play able use build step.,No
8a29bdbb-510a-4b59-b7e7-3fbfe122331a,371b68c1-a315-40ed-9468-0cd81aa3afd5,2022-09-09,3669bd48-1633-4f98-98da-2b1cb0e9b8ac,7,Accept finish anyone tree become individual watch.,No
7a573c69-0fe9-4a45-a964-af08625ca075,43309933-c433-42bd-b578-0934779d0359,2022-10-21,2bfb4c5c-4fa9-43be-9dbb-bee4644700db,1,Present group only Congress floor.,Yes
3de8da22-7147-42bc-87af-052f8ba07397,ce0ca02d-34ac-4a75-b21e-b776b6c67128,2023-12-03,6bc1edb3-a66a-48d0-9ff2-335622114e2f,7,Partner early represent worry news.,Yes
a2254dc2-5011-4377-b466-742df3ee1ad4,8199887e-3870-4bbe-b150-67512c8d36c8,2023-08-07,3669bd48-1633-4f98-98da-2b1cb0e9b8ac,3,Song carry wide seem establish.,No
8b4dcd37-de71-42aa-a51b-6dac2707f665,5565c722-01f7-4845-abe9-28d764a17dd1,2022-09-13,77b5d1f9-7330-48b1-825d-6c8fe1aea632,1,Finally pretty offer forget high water.,Yes
c37475f1-0c87-4b5e-bb7d-bdaee9280812,bd2bb217-52d4-4617-b27f-ad52137fe4c1,2023-07-06,77b5d1f9-7330-48b1-825d-6c8fe1aea632,2,Nor voice unit impact.,Yes
3ce45732-4cc3-46c3-a8d2-1fdf144db32c,f8dc055e-00a8-45bb-94e9-a03a96edc4d7,2022-11-15,2ab82673-c5b7-4480-97de-df479d5d0b63,5,Wish smile method film condition stock.,Yes
a6763398-af10-4868-85e8-c2e46b827ca6,e76b9683-3be8-43a4-8701-ec17f38ff056,2024-05-11,dc05e786-c1fc-4a38-ada2-c11e96e98925,1,Wonder surface civil international.,No
ee66b195-9c37-49ad-818e-ed5b4b7535e6,0fdc621a-fd02-4d5d-b411-e688c5a1e8be,2023-01-05,7964ec27-12c2-4a30-bf89-867a52b0b892,3,Take guy decade policy pattern.,Yes
7f95f718-ac5b-4ae1-84f7-76d10f3a49eb,186680ab-2c7b-4faf-ac72-8b3ef2406c84,2023-05-05,1290253f-7505-4d50-a898-898b1d3da2b6,7,Enjoy after myself.,No
c639e480-54ce-4fed-ba3d-806fc4591d92,72b8adbd-595b-476f-8295-13aa3e83e541,2023-11-14,2ab82673-c5b7-4480-97de-df479d5d0b63,8,Them daughter western score.,No
986ed293-da4b-45db-be52-98ab9d742267,0f78d2be-331c-4c25-8104-062ddffc096c,2022-10-09,5c42e8c6-b3c7-47e5-895a-842529dc82ee,2,Follow away security do character.,No
858175d3-641a-4846-8a1b-0b2cf5ade403,7d7d1829-ca2d-492a-bedf-fb301c176f6c,2023-03-28,2a28ae34-34db-4097-9872-688f35a4ee31,1,Follow task American hair.,No
a7c3e4d7-56d2-40d6-be66-14a9ae36063c,dec2f409-1d82-42c3-8b77-dee6acbb76b1,2022-05-23,52a39131-8154-45d4-9f43-8874a4ab8c4a,4,Term face here even argue low.,No
60ab378a-082b-4392-b31d-27c50d4a8d3d,08abebc2-698b-4778-a8e8-3ce29fdbdfd9,2023-06-16,c99e1807-8c9f-4fb6-89e5-64333392b823,9,Investment every point outside figure form wear company.,Yes
3086d8f3-3f06-458c-87b0-7db68c1441dc,77599df7-8687-49d4-83ab-6441ce5c16ef,2024-08-27,d1e8eec4-01ef-418a-8fa8-cc080207a5a8,1,High test institution effort official three yard.,No
7698f40f-4686-4876-bb3b-c5c789b4e6c9,6bc1edb3-a66a-48d0-9ff2-335622114e2f,2024-08-17,0f5639a9-74cd-4960-b88d-0f069e1c7d0f,2,Than begin purpose strong lead local store.,No
2b2c7a0e-09e1-4e89-bda1-bb2a10f7cf3f,c289f0c3-5cd4-46fc-8dd2-b9ffa8f32a2c,2024-07-16,bcdc1004-74c7-47d1-b6e6-79946c8e116f,5,Message success state service middle same.,Yes
c2f4ff03-4fc1-4878-8760-f808a648b0dc,2926195d-1fc2-47fe-b453-17102ba521b7,2024-01-05,7d494112-5832-4163-8fbb-61038a40136f,4,Really spring imagine some center some arm coach.,No
17c17489-9566-47a8-9ac7-be6c26771530,e7dba491-9029-4f45-b7a8-5e4b9d5d4c5d,2022-08-08,ce0ca02d-34ac-4a75-b21e-b776b6c67128,3,Middle third minute check clear world.,Yes
b9b057d9-04d7-48fc-a518-7264d7f90fe7,260a263d-88f2-4bf6-ad5e-d46a1d55610f,2022-06-17,f7a9abb9-b01a-456e-a7f9-3051c551e441,3,Individual finally thing near along.,Yes
7f202d47-9b4e-41f3-b195-9eafeab54be3,7b99fc71-0ccb-4b19-978c-844a51349f37,2022-11-03,d38be133-c56e-4eb2-be4d-a9174f8a1379,4,Close really important source population.,No
df516320-1c8b-4078-b17d-adce36345e69,8b1a4691-2996-4e1a-91f8-aef1578fabfd,2022-04-14,c97de832-f74c-4e9c-8e22-97510fb03393,1,Morning such from PM water.,Yes
ebf11ab3-e4b1-4470-b531-70f984e87798,ba3cbc67-a8f5-4401-871b-9d849652cde4,2023-10-26,f111c7fd-7ffd-4fdb-99fd-e3bea864582f,2,Together along many subject old.,No
eb71004d-b068-475a-b5fc-2e99030f3670,aab22ac5-d71f-44e9-b6f6-634895f4519a,2022-11-22,cb266c5b-ece5-49da-9f05-8c10fa250803,3,Customer analysis body nature while simple.,No
70500daa-9f32-451d-a08d-42621e664058,c4802b4f-f508-41c1-adf7-ee59382858e6,2023-08-11,15fe9985-2221-4621-ab19-ddca84f45aae,2,Work wrong movie president.,Yes
85cfef3f-4fb0-40de-956b-eb7a9ff5ee23,a4ed836d-94ae-45de-b755-4a3dde7da915,2023-09-12,ed79ad14-afbf-4a52-82c2-c588aeefaddd,3,Against nor clearly you success.,No
7f42f292-7f84-4b57-88a4-7449d093ca1c,2c7f0317-dbd3-4782-8b39-54ddb2333822,2024-05-30,b217c137-3775-4043-b498-10ada48d485d,4,Away move student get its.,Yes
b950eef1-dbf2-4f58-b026-59875a639461,d7f78caa-3184-451c-b34e-d9b522cadc2b,2022-10-25,12334d61-15da-4524-87af-f699fb401f55,4,Build major bank building.,Yes
eb1d3173-6e50-48d2-997d-a39d30009108,432da541-056f-4a68-a68d-8fe5cbf49537,2023-12-20,a8409a37-73bb-4b57-9ce9-d4593dd62dce,4,Then play leave senior certain those season.,No
ae14b0a8-b16f-4a99-8413-319b499df921,d05297ac-cddb-4491-82ff-9834675311b1,2024-11-16,c25db872-b9e2-4fe3-afc1-9e16f89f2e31,8,Safe find effect.,Yes
efff0512-c819-4a2d-b409-b4cf9fdba4d2,f4d5c0b1-adc7-4db8-8d8c-a55a86791cf8,2023-07-27,77b5d1f9-7330-48b1-825d-6c8fe1aea632,8,Fact clearly seven occur.,Yes
d2954adc-3656-42e8-b395-58e9f10bf5d5,624c41c3-ad57-4823-9ceb-ed5b6afb54ee,2023-08-10,19bbb171-ae28-4cb5-93b0-b3d1ad8ff580,8,Indeed cut create lead win she.,No
cf7a8faa-605f-4601-a3bc-5335c2cc6d7a,80f76299-c79e-4566-9e7e-437fffabe489,2022-05-06,b7e4c27b-1a57-4136-bafc-5d1732cfa36e,8,Own building to understand.,No
17ea1b56-ac12-4c9d-bdb0-1d6c8a32cbfb,5ac5129d-de30-484e-9b05-3ad151072382,2024-08-02,d0139cac-e136-4c34-b0ee-612291bd8c71,6,Manage son account everybody performance.,No
3bbac9c8-3009-4672-9edf-3889e0c6e6f0,ed79ad14-afbf-4a52-82c2-c588aeefaddd,2024-03-31,e23ece43-0a38-48a1-bebd-baa7d849219e,8,Plan good you low field animal.,No
3aa2649d-a327-49e4-92b5-c8925667c405,b0ce37b7-7919-4f96-bb81-8468b2c7a4b8,2024-09-01,ba3cbc67-a8f5-4401-871b-9d849652cde4,8,Sing what be total night south.,Yes
5a1e762e-06c8-4081-be4d-544f211f8823,bdaf0424-0885-4655-b607-a1b02a928211,2022-05-08,4abbc014-86d9-4354-a8b9-0b37a916ff4f,8,Include exist message hope brother than edge.,Yes
eb65f7c7-20fe-4e0d-ac24-3c6f6b9ad803,0d94cc49-e945-42f1-9ed7-26b29e29ebc0,2023-03-06,3a0f7db7-2665-46dd-842f-60b53e7d92cf,7,How wrong town religious movie.,No
335159d9-c20d-42e8-bf15-1b643325f36c,1b8ad5aa-f9bc-4553-96b8-0b214cf7ab8e,2022-03-31,03448a6e-3671-4f1b-9214-934432c1ede5,1,Everyone star hit financial adult capital involve foot.,Yes
1155c456-3036-475b-9df7-48c33cab4c2f,3a6e1f22-742b-4e9a-bb79-4e2f28374cba,2023-04-24,12334d61-15da-4524-87af-f699fb401f55,10,Institution according skin though firm today debate thought.,No
b24e07e6-4b68-4d65-b721-75d1065c6244,8c41ec49-c28b-4ca6-98c6-90e4b90ebb5d,2022-07-18,4c34cbdd-33c9-421d-b7e6-a95c099740ea,5,Cup every note their energy mind.,Yes
28f2e07e-a541-4e08-9da2-6b875414fc63,56e81b95-81a7-400a-9a73-2729401079b5,2022-07-13,2a28ae34-34db-4097-9872-688f35a4ee31,10,Stock different remember point.,Yes
368a9fb3-2e3b-4b34-acd5-2f9caf229129,4f7af68f-9151-4245-88ac-cc32601a6ebf,2024-02-19,5d455b54-8bc4-457e-abd8-a9ef67e57628,1,Group of letter clear.,No
beb741c6-7a94-44e0-baa8-94a3a990e06f,73276474-9caa-4dd0-9fd7-f9c0fc8d7845,2023-07-13,624c41c3-ad57-4823-9ceb-ed5b6afb54ee,5,Western box since image son.,No
c8bcf1fa-251d-4878-a852-c1ff3563dd72,a537114b-eb9c-4cf0-9fd8-6b0e7004598d,2024-08-18,a2a796bc-5d4b-4cc6-adb0-c3a626c3574f,10,Lead say white.,Yes
05b61fc2-98b3-453a-b887-7b8cbb42c30c,d0139cac-e136-4c34-b0ee-612291bd8c71,2022-07-21,7964ec27-12c2-4a30-bf89-867a52b0b892,9,Term practice sign summer movie special check.,No
c1200751-e159-4d93-9330-8ad69fae4db6,55211f46-548e-4232-8f52-f26c5417aecc,2023-09-27,e62fa82b-5f48-4255-8570-d0b9c7c3f0ac,7,All ask per staff sort.,Yes
2e03910d-2d2e-4485-84b1-cde9d7031268,0e5ffd96-1e40-455d-9ac4-536bddeedee7,2024-08-29,419f6541-ba3f-4bc7-abf4-61762e19391c,7,Crime as price writer then itself certainly.,No
5996fb3f-1208-4953-aa6e-ed556b233a8d,4c34cbdd-33c9-421d-b7e6-a95c099740ea,2024-05-30,b95be3ed-d431-4159-be68-96aba31d743a,10,Message team affect hear newspaper throughout range.,Yes
9dfd77f4-70eb-420a-8f51-6200b402f1e9,c966e48b-7138-449f-8d71-2e3a4b7081ee,2024-09-27,dc05e786-c1fc-4a38-ada2-c11e96e98925,3,Each almost fill red sound such.,No
4c9f6c86-1b03-4491-a96e-04d4d3879637,06bbe167-bea4-4930-a377-da67241b7a31,2024-11-04,8b1a4691-2996-4e1a-91f8-aef1578fabfd,4,Themselves no college catch discover worry.,No
f51ebb32-7bd6-4044-a280-fb674c7b2217,15fe9985-2221-4621-ab19-ddca84f45aae,2024-01-21,5e4f5d6d-66e4-4905-a572-3529638bb488,2,Thank color opportunity for situation where.,Yes
2373075e-2941-4c52-9634-e149ea1109c7,627d68d6-a4b4-4eed-9272-7ba22cbd5177,2024-11-06,0e5ffd96-1e40-455d-9ac4-536bddeedee7,10,Lead or Democrat check.,No
f7ae346e-cb4e-4457-ad60-3e4208dc46b6,d2266a6a-53bb-4626-812c-8c6dd3cce5aa,2023-09-02,55211f46-548e-4232-8f52-f26c5417aecc,6,Direction door idea money.,No
43e79141-85b6-4947-b4b0-0f99e587a953,d2083a42-d9a2-409f-8c88-565b1bfaec6b,2022-11-09,2bfb4c5c-4fa9-43be-9dbb-bee4644700db,4,Hope cell international century scientist.,No
a1cfc309-cb07-4d22-a8e7-c306f6ab8a94,dd7716c5-4f64-4a8c-beef-558efc3e5f53,2022-01-14,bdf14a51-6636-4ede-b507-1f483dbb352c,1,Whether number environment.,Yes
dd3f0790-e36b-40c2-abd9-9c99535adf1b,f235dba9-f5db-4f6d-bccd-761ec583006f,2022-10-28,e23ece43-0a38-48a1-bebd-baa7d849219e,9,Specific need only space heavy two our.,Yes
6a5bf1a9-6c06-463e-b472-f85b5cfc1023,73a8943e-232a-492a-8db1-a90f2b836bf9,2023-10-15,0165a65c-0295-4161-8982-b65997425e8c,3,Eat rise your blood.,No
1b1e6cab-2750-43ba-b757-9806eddc6d70,59c11870-ceba-4947-92e6-4bf3bb994f11,2023-08-17,fed58c79-fe08-415d-b3e6-ac10d9b8cc50,7,Teach debate than field official wind.,Yes
af312a8b-79de-47eb-a829-8028b94f7957,4cd7bb1f-8000-49a5-b132-593c4edcbd55,2022-07-18,419f6541-ba3f-4bc7-abf4-61762e19391c,9,Work agree dark benefit.,No
6568c190-e894-4bcf-bdbc-96e6736c44e1,c99e1807-8c9f-4fb6-89e5-64333392b823,2023-12-20,23a13f36-a609-4678-a608-57cad9ada6fd,2,Way couple three money under house.,Yes
8db7b7f6-fe48-4b5f-993c-a2f24ffed953,babcc840-08d9-4cd4-863e-cfcbba88d1c9,2022-12-23,08abebc2-698b-4778-a8e8-3ce29fdbdfd9,3,Door head draw.,No
3917b9eb-5006-4305-9eec-abed7b7d84fb,98255002-45b6-46ef-8e10-01f463e179aa,2024-04-16,386db5a4-285f-4bd9-924b-517ed0556bd7,7,Who cover second growth marriage along.,Yes
8541765b-75fd-43ac-aab2-89545a6ed6c2,8506a7ae-0786-4753-98e1-31180c41bfce,2022-09-29,3a5dc2c1-1fa9-4289-be61-3e1bddbcbe36,1,Minute child arm investment development happen.,Yes
297030b1-2756-460a-bb4a-cf71e2b7e7d9,d659e1ba-5c45-4fb9-a8a1-8f77146e737e,2024-02-22,3a0f7db7-2665-46dd-842f-60b53e7d92cf,7,Against them partner.,Yes
e947aa2e-08a3-4b18-98d6-b0501f676737,4abbc014-86d9-4354-a8b9-0b37a916ff4f,2022-04-03,56e81b95-81a7-400a-9a73-2729401079b5,4,American grow condition fact current whether contain.,Yes
db910259-259f-4a9e-923e-08e28c532536,2a28ae34-34db-4097-9872-688f35a4ee31,2024-03-27,4cd7bb1f-8000-49a5-b132-593c4edcbd55,5,Doctor on light.,No
14c669c5-0572-4da6-9225-56147ddfa837,cbf47fe8-fd95-460d-aa2f-67efc286604c,2022-11-05,54b4c915-f1c1-4514-b16c-c289269dadaf,2,Imagine feel economic quite.,Yes
0856630c-ea32-4d26-9904-cd4cc0ff126e,b7e4c27b-1a57-4136-bafc-5d1732cfa36e,2022-09-26,6d1bd4b2-8354-4f74-99c2-f1737888c778,8,Issue between act particularly prevent through world.,Yes
2acbcd3b-9292-41ba-ba0c-d3b469799a64,c3f62bd1-abcf-442b-b827-ac5711b3f138,2023-08-31,b44e3b68-239d-4dc6-bdb4-b262412614f1,7,Above source movie speak wear member.,No
2c28de6a-bd22-481e-956e-12ff813e5621,bd8d87b3-e166-4ff6-b113-256e74d84bdb,2024-10-03,884d6232-8f36-4039-9cb6-8ca723afe676,8,News investment act move population look.,Yes
5d7c1a3f-ee9c-47a8-ab41-a4bf537ded4f,011f08c6-3c60-4dec-a266-c2c793112bb8,2023-08-31,c99e1807-8c9f-4fb6-89e5-64333392b823,9,Cell later song lose sing law wind.,No
9f258044-0310-4542-b437-38bf40dc92b4,a2a796bc-5d4b-4cc6-adb0-c3a626c3574f,2023-06-15,bd2bb217-52d4-4617-b27f-ad52137fe4c1,10,West watch leave talk miss get.,Yes
69e8ded8-6ae3-467e-84fd-60d408c0b005,831211dc-f618-4799-9f7a-5ae07b85e92c,2023-08-15,1333cac6-7fbb-4ee5-99b2-3b49fe543d9e,8,Very trip fire race.,Yes
09b99685-72d8-41ef-a5f5-e680621a41dd,6d3a3afe-9fb1-4f13-ab24-db42e00aeea1,2022-05-10,12c25df2-cc05-4e96-baa8-442202e4a719,5,Fall work tree score.,Yes
948021f8-90a7-4fc7-9d2b-efefed6d530c,f8b1279c-f06a-49f5-83c6-978b963213a1,2023-06-10,186680ab-2c7b-4faf-ac72-8b3ef2406c84,2,Garden TV appear leg.,No
f29b4525-1528-466c-8619-e67fefb39c51,cb266c5b-ece5-49da-9f05-8c10fa250803,2024-06-26,c6249852-a0af-4d8e-9227-628fdf5fc756,1,Beautiful none must personal forward nothing away assume.,Yes
ac8cf540-e291-466a-a04d-1e8fa2c1cdf2,bdf14a51-6636-4ede-b507-1f483dbb352c,2023-08-14,06bbe167-bea4-4930-a377-da67241b7a31,6,Represent write in option word small million.,No
b3ebea94-045f-4aac-a104-bd02bf8d3299,f7a9abb9-b01a-456e-a7f9-3051c551e441,2022-11-10,df3e53e1-b009-495a-91d5-8595cef0a5b5,7,But respond detail bag.,Yes
42867e2b-594e-4a5d-83eb-397d9f7c1888,57bef38c-20ee-4710-a4eb-940ffb22ad05,2023-06-03,688a50a3-88ff-4e2c-98a8-edad450f9540,8,Modern ahead buy common.,Yes
2d2b1c46-9574-4e9a-8e5c-c133f3ffc43a,7e47d3b5-dc25-4062-9586-a5ff8c346ee4,2022-06-19,b0ce37b7-7919-4f96-bb81-8468b2c7a4b8,4,Personal good forward weight prepare.,Yes
07999274-3024-4f47-bec6-390c9426aac8,8573c174-22a5-4805-bd27-371adcf7b6cd,2024-11-25,a16eb339-8468-4ad0-940c-eb120d80e23d,7,Pull bring might back.,No
1123d26a-42dd-4eef-be95-514d95a9cee4,5d455b54-8bc4-457e-abd8-a9ef67e57628,2024-05-09,7d7d1829-ca2d-492a-bedf-fb301c176f6c,1,Nor theory scientist movie individual effort.,Yes
5e277df1-9c9d-42df-b396-7b2c06b444d9,19bbb171-ae28-4cb5-93b0-b3d1ad8ff580,2024-04-23,36efa564-1b73-402c-9f8d-3c3c1e82a1d6,8,On fish professor bar type simply attention.,No
3a6cf08c-006f-4fa4-b04c-e2d8f7b5de28,36efa564-1b73-402c-9f8d-3c3c1e82a1d6,2022-07-04,688a50a3-88ff-4e2c-98a8-edad450f9540,7,Shake matter site table new worker.,No
ca52802d-5a4d-4208-a48f-45348e667d49,77b5d1f9-7330-48b1-825d-6c8fe1aea632,2024-03-22,bdf14a51-6636-4ede-b507-1f483dbb352c,9,College seem citizen never still apply.,Yes
87ab2446-8e60-4a39-9c3e-083fa6e80628,dadc75a4-0783-4cec-96e8-557db9e1d2a5,2022-03-23,c289f0c3-5cd4-46fc-8dd2-b9ffa8f32a2c,3,Really fund rich window Democrat explain community.,Yes
a4bdfc79-56f4-4eb1-9c21-7b345fe99b39,12334d61-15da-4524-87af-f699fb401f55,2024-12-30,a4509072-9af8-46be-b21e-78583b3bb956,9,Purpose here better mention shoulder activity.,Yes
d1824538-aeea-428e-b020-3761841b40fd,5e4f5d6d-66e4-4905-a572-3529638bb488,2023-08-25,c4802b4f-f508-41c1-adf7-ee59382858e6,8,Reach according tend.,No
ee4116ad-c606-4f34-b7b8-6475c8561bec,2bfb4c5c-4fa9-43be-9dbb-bee4644700db,2023-03-04,8506a7ae-0786-4753-98e1-31180c41bfce,9,Yet front exactly son.,No
9591198d-c2a8-487e-81e7-315ed8607314,419f6541-ba3f-4bc7-abf4-61762e19391c,2024-08-21,8199887e-3870-4bbe-b150-67512c8d36c8,8,Available data late wrong me economy.,Yes
353b884a-f5dc-4ee7-96c0-aad881e58a2e,3669bd48-1633-4f98-98da-2b1cb0e9b8ac,2023-06-18,1f841645-3fb4-4ae2-828d-877abf551800,7,Reflect meet happen.,Yes
5d97ae99-8315-431c-adbc-2fe3ea22cc29,e23ece43-0a38-48a1-bebd-baa7d849219e,2023-02-22,3a6e1f22-742b-4e9a-bb79-4e2f28374cba,6,Finally day sense travel tend.,No
1e3dd9ee-2093-4365-95ac-68fae0368e84,0338069f-6e08-4698-905e-0a10cc9da68e,2023-03-24,03e5e0b3-6b4f-4439-95eb-b711c4aaaa95,7,Manager though account investment television road.,Yes
96f5adcb-9926-4f24-a4d7-ada206b9d5d8,6d1bd4b2-8354-4f74-99c2-f1737888c778,2022-02-02,831211dc-f618-4799-9f7a-5ae07b85e92c,3,Office when strong treat citizen.,No
63249d4b-ef3e-456a-8695-fb9bd04b94a3,89819a1c-737a-4f4c-926e-a16ae59836f2,2024-11-10,8506a7ae-0786-4753-98e1-31180c41bfce,2,Person gun condition center.,No
308997ed-c421-47d0-a3b8-a3dcc0995859,4e4c72b4-6aa7-436e-b092-f402531db90c,2022-10-04,7b1dffd5-25ce-4814-8d66-ba62d7f40f30,8,Range nation person serve kid state.,Yes
4e16069e-527e-406b-be45-ce7b3c7f8301,f7d44153-023b-4152-8b7c-1737518def34,2023-07-06,ed8578bc-5501-4dee-9847-f74004064f42,4,Generation state appear.,No
763f2046-88c7-4e90-b6a4-2f389f733939,dc05e786-c1fc-4a38-ada2-c11e96e98925,2023-10-08,f111c7fd-7ffd-4fdb-99fd-e3bea864582f,2,Often agency know young.,Yes
fce45035-c65d-4ce1-ba47-aecafc5b068e,15d77b43-a114-4962-be69-50aa123a2904,2022-09-16,0f5639a9-74cd-4960-b88d-0f069e1c7d0f,6,Save interview middle water foreign somebody hit enough.,Yes
ef35e8f5-3426-4408-95db-4095bae728c1,be102a01-b4ac-4895-87b0-db53824d3ac3,2022-06-15,5ac5129d-de30-484e-9b05-3ad151072382,5,War include security throughout future plan personal.,No
4c6970e4-1c26-4fb9-bf2f-980f3f6c761e,a4f8c69e-7ef6-4bd4-81e1-69887d58c89f,2024-10-22,8189d298-2995-48e8-838a-aea0598091a0,5,With close ground resource.,No
